address,label,opcode,creator
0x582b2489710a4189ad558b6958641789587fcc27,1,"PUSH1 0x60
PUSH1 0x40
MSTORE
CALLDATASIZE
ISZERO
PUSH2 0x185
JUMPI
PUSH4 0xffffffff
PUSH1 0xe0
PUSH1 0x2
EXP
PUSH1 0x0
CALLDATALOAD
DIV
AND
PUSH4 0x2fb0c5e
DUP2
EQ
PUSH2 0x196
JUMPI
DUP1
PUSH4 0x59b8c77
EQ
PUSH2 0x1bd
JUMPI
DUP1
PUSH4 0x12179a2d
EQ
PUSH2 0x1ee
JUMPI
DUP1
PUSH4 0x123731c4
EQ
PUSH2 0x21f
JUMPI
DUP1
PUSH4 0x127043c3
EQ
PUSH2 0x253
JUMPI
DUP1
PUSH4 0x252d7eb3
EQ
PUSH2 0x278
JUMPI
DUP1
PUSH4 0x33920f65
EQ
PUSH2 0x29d
JUMPI
DUP1
PUSH4 0x36b77107
EQ
PUSH2 0x310
JUMPI
DUP1
PUSH4 0x3e56f9f9
EQ
PUSH2 0x335
JUMPI
DUP1
PUSH4 0x411735ee
EQ
PUSH2 0x36d
JUMPI
DUP1
PUSH4 0x53d3eeee
EQ
PUSH2 0x39e
JUMPI
DUP1
PUSH4 0x55139163
EQ
PUSH2 0x3c3
JUMPI
DUP1
PUSH4 0x5681e00b
EQ
PUSH2 0x3e8
JUMPI
DUP1
PUSH4 0x5a99719e
EQ
PUSH2 0x42c
JUMPI
DUP1
PUSH4 0x6a0d017c
EQ
PUSH2 0x45b
JUMPI
DUP1
PUSH4 0x7124abf3
EQ
PUSH2 0x494
JUMPI
DUP1
PUSH4 0x725e70a3
EQ
PUSH2 0x50e
JUMPI
DUP1
PUSH4 0x7ffb8577
EQ
PUSH2 0x533
JUMPI
DUP1
PUSH4 0x80abb85b
EQ
PUSH2 0x558
JUMPI
DUP1
PUSH4 0x98f6c7e5
EQ
PUSH2 0x58b
JUMPI
DUP1
PUSH4 0xacec338a
EQ
PUSH2 0x5c6
JUMPI
DUP1
PUSH4 0xbbd4e8c9
EQ
PUSH2 0x5f2
JUMPI
DUP1
PUSH4 0xc6e416b5
EQ
PUSH2 0x617
JUMPI
DUP1
PUSH4 0xd0e30db0
EQ
PUSH2 0x648
JUMPI
DUP1
PUSH4 0xd18a5563
EQ
PUSH2 0x652
JUMPI
DUP1
PUSH4 0xd388e416
EQ
PUSH2 0x68a
JUMPI
DUP1
PUSH4 0xd9f300ce
EQ
PUSH2 0x6c1
JUMPI
DUP1
PUSH4 0xe07959bd
EQ
PUSH2 0x6e6
JUMPI
DUP1
PUSH4 0xe32ef3c5
EQ
PUSH2 0x6fe
JUMPI
DUP1
PUSH4 0xe65b743e
EQ
PUSH2 0x72f
JUMPI
DUP1
PUSH4 0xeb508932
EQ
PUSH2 0x744
JUMPI
DUP1
PUSH4 0xee97f7f3
EQ
PUSH2 0x77c
JUMPI
DUP1
PUSH4 0xff50abdc
EQ
PUSH2 0x7ab
JUMPI
JUMPDEST
PUSH2 0x194
JUMPDEST
PUSH2 0x191
PUSH2 0x7d0
JUMP
JUMPDEST
JUMPDEST
JUMP
JUMPDEST
STOP
JUMPDEST
CALLVALUE
ISZERO
PUSH2 0x1a1
JUMPI
PUSH1 0x0
DUP1
REVERT
JUMPDEST
PUSH2 0x1a9
PUSH2 0x8ef
JUMP
JUMPDEST
PUSH1 0x40
MLOAD
SWAP1
ISZERO
ISZERO
DUP2
MSTORE
PUSH1 0x20
ADD
PUSH1 0x40
MLOAD
DUP1
SWAP2
SUB
SWAP1
RETURN
JUMPDEST
CALLVALUE
ISZERO
PUSH2 0x1c8
JUMPI
PUSH1 0x0
DUP1
REVERT
JUMPDEST
PUSH2 0x1dc
PUSH1 0x1
PUSH1 0xa0
PUSH1 0x2
EXP
SUB
PUSH1 0x4
CALLDATALOAD
AND
PUSH2 0x8f8
JUMP
JUMPDEST
PUSH1 0x40
MLOAD
SWAP1
DUP2
MSTORE
PUSH1 0x20
ADD
PUSH1 0x40
MLOAD
DUP1
SWAP2
SUB
SWAP1
RETURN
JUMPDEST
CALLVALUE
ISZERO
PUSH2 0x1f9
JUMPI
PUSH1 0x0
DUP1
REVERT
JUMPDEST
PUSH2 0x1dc
PUSH1 0x1
PUSH1 0xa0
PUSH1 0x2
EXP
SUB
PUSH1 0x4
CALLDATALOAD
AND
PUSH2 0x966
JUMP
JUMPDEST
PUSH1 0x40
MLOAD
SWAP1
DUP2
MSTORE
PUSH1 0x20
ADD
PUSH1 0x40
MLOAD
DUP1
SWAP2
SUB
SWAP1
RETURN
JUMPDEST
CALLVALUE
ISZERO
PUSH2 0x22a
JUMPI
PUSH1 0x0
DUP1
REVERT
JUMPDEST
PUSH2 0x1dc
PUSH1 0x1
PUSH1 0xa0
PUSH1 0x2
EXP
SUB
PUSH1 0x4
CALLDATALOAD
AND
PUSH1 0x24
CALLDATALOAD
PUSH2 0x978
JUMP
JUMPDEST
PUSH1 0x40
MLOAD
SWAP1
DUP2
MSTORE
PUSH1 0x20
ADD
PUSH1 0x40
MLOAD
DUP1
SWAP2
SUB
SWAP1
RETURN
JUMPDEST
CALLVALUE
ISZERO
PUSH2 0x25e
JUMPI
PUSH1 0x0
DUP1
REVERT
JUMPDEST
PUSH2 0x1dc
PUSH2 0x9aa
JUMP
JUMPDEST
PUSH1 0x40
MLOAD
SWAP1
DUP2
MSTORE
PUSH1 0x20
ADD
PUSH1 0x40
MLOAD
DUP1
SWAP2
SUB
SWAP1
RETURN
JUMPDEST
CALLVALUE
ISZERO
PUSH2 0x283
JUMPI
PUSH1 0x0
DUP1
REVERT
JUMPDEST
PUSH2 0x1dc
PUSH2 0x9b0
JUMP
JUMPDEST
PUSH1 0x40
MLOAD
SWAP1
DUP2
MSTORE
PUSH1 0x20
ADD
PUSH1 0x40
MLOAD
DUP1
SWAP2
SUB
SWAP1
RETURN
JUMPDEST
CALLVALUE
ISZERO
PUSH2 0x2a8
JUMPI
PUSH1 0x0
DUP1
REVERT
JUMPDEST
PUSH2 0x2bc
PUSH1 0x1
PUSH1 0xa0
PUSH1 0x2
EXP
SUB
PUSH1 0x4
CALLDATALOAD
AND
PUSH2 0x9b7
JUMP
JUMPDEST
PUSH1 0x40
MLOAD
PUSH1 0x20
DUP1
DUP3
MSTORE
DUP2
SWAP1
DUP2
ADD
DUP4
DUP2
DUP2
MLOAD
DUP2
MSTORE
PUSH1 0x20
ADD
SWAP2
POP
DUP1
MLOAD
SWAP1
PUSH1 0x20
ADD
SWAP1
PUSH1 0x20
MUL
DUP1
DUP4
DUP4
PUSH1 0x0
JUMPDEST
DUP4
DUP2
LT
ISZERO
PUSH2 0x2fc
JUMPI
DUP1
DUP3
ADD
MLOAD
DUP2
DUP5
ADD
MSTORE
JUMPDEST
PUSH1 0x20
ADD
PUSH2 0x2e3
JUMP
JUMPDEST
POP
POP
POP
POP
SWAP1
POP
ADD
SWAP3
POP
POP
POP
PUSH1 0x40
MLOAD
DUP1
SWAP2
SUB
SWAP1
RETURN
JUMPDEST
CALLVALUE
ISZERO
PUSH2 0x31b
JUMPI
PUSH1 0x0
DUP1
REVERT
JUMPDEST
PUSH2 0x1dc
PUSH2 0xa3b
JUMP
JUMPDEST
PUSH1 0x40
MLOAD
SWAP1
DUP2
MSTORE
PUSH1 0x20
ADD
PUSH1 0x40
MLOAD
DUP1
SWAP2
SUB
SWAP1
RETURN
JUMPDEST
CALLVALUE
ISZERO
PUSH2 0x340
JUMPI
PUSH1 0x0
DUP1
REVERT
JUMPDEST
PUSH2 0x34b
PUSH1 0x4
CALLDATALOAD
PUSH2 0xa41
JUMP
JUMPDEST
PUSH1 0x40
MLOAD
PUSH1 0x1
PUSH1 0xa0
PUSH1 0x2
EXP
SUB
SWAP1
SWAP3
AND
DUP3
MSTORE
PUSH1 0x20
DUP3
ADD
MSTORE
PUSH1 0x40
SWAP1
DUP2
ADD
SWAP1
MLOAD
DUP1
SWAP2
SUB
SWAP1
RETURN
JUMPDEST
CALLVALUE
ISZERO
PUSH2 0x378
JUMPI
PUSH1 0x0
DUP1
REVERT
JUMPDEST
PUSH2 0x1dc
PUSH1 0x1
PUSH1 0xa0
PUSH1 0x2
EXP
SUB
PUSH1 0x4
CALLDATALOAD
AND
PUSH2 0xaa2
JUMP
JUMPDEST
PUSH1 0x40
MLOAD
SWAP1
DUP2
MSTORE
PUSH1 0x20
ADD
PUSH1 0x40
MLOAD
DUP1
SWAP2
SUB
SWAP1
RETURN
JUMPDEST
CALLVALUE
ISZERO
PUSH2 0x3a9
JUMPI
PUSH1 0x0
DUP1
REVERT
JUMPDEST
PUSH2 0x1dc
PUSH2 0xac1
JUMP
JUMPDEST
PUSH1 0x40
MLOAD
SWAP1
DUP2
MSTORE
PUSH1 0x20
ADD
PUSH1 0x40
MLOAD
DUP1
SWAP2
SUB
SWAP1
RETURN
JUMPDEST
CALLVALUE
ISZERO
PUSH2 0x3ce
JUMPI
PUSH1 0x0
DUP1
REVERT
JUMPDEST
PUSH2 0x1dc
PUSH2 0xac7
JUMP
JUMPDEST
PUSH1 0x40
MLOAD
SWAP1
DUP2
MSTORE
PUSH1 0x20
ADD
PUSH1 0x40
MLOAD
DUP1
SWAP2
SUB
SWAP1
RETURN
JUMPDEST
CALLVALUE
ISZERO
PUSH2 0x3f3
JUMPI
PUSH1 0x0
DUP1
REVERT
JUMPDEST
PUSH2 0x3fb
PUSH2 0xacd
JUMP
JUMPDEST
PUSH1 0x40
MLOAD
SWAP5
DUP6
MSTORE
PUSH1 0x20
DUP6
ADD
SWAP4
SWAP1
SWAP4
MSTORE
PUSH1 0x40
DUP1
DUP6
ADD
SWAP3
SWAP1
SWAP3
MSTORE
PUSH1 0x60
DUP5
ADD
MSTORE
SWAP1
ISZERO
ISZERO
PUSH1 0x80
DUP4
ADD
MSTORE
PUSH1 0xa0
SWAP1
SWAP2
ADD
SWAP1
MLOAD
DUP1
SWAP2
SUB
SWAP1
RETURN
JUMPDEST
CALLVALUE
ISZERO
PUSH2 0x437
JUMPI
PUSH1 0x0
DUP1
REVERT
JUMPDEST
PUSH2 0x43f
PUSH2 0xaf3
JUMP
JUMPDEST
PUSH1 0x40
MLOAD
PUSH1 0x1
PUSH1 0xa0
PUSH1 0x2
EXP
SUB
SWAP1
SWAP2
AND
DUP2
MSTORE
PUSH1 0x20
ADD
PUSH1 0x40
MLOAD
DUP1
SWAP2
SUB
SWAP1
RETURN
JUMPDEST
CALLVALUE
ISZERO
PUSH2 0x466
JUMPI
PUSH1 0x0
DUP1
REVERT
JUMPDEST
PUSH2 0x1a9
PUSH1 0x1
PUSH1 0xa0
PUSH1 0x2
EXP
SUB
PUSH1 0x4
CALLDATALOAD
DUP2
AND
SWAP1
PUSH1 0x24
CALLDATALOAD
AND
PUSH2 0xb03
JUMP
JUMPDEST
PUSH1 0x40
MLOAD
SWAP1
ISZERO
ISZERO
DUP2
MSTORE
PUSH1 0x20
ADD
PUSH1 0x40
MLOAD
DUP1
SWAP2
SUB
SWAP1
RETURN
JUMPDEST
CALLVALUE
ISZERO
PUSH2 0x49f
JUMPI
PUSH1 0x0
DUP1
REVERT
JUMPDEST
PUSH2 0x4a7
PUSH2 0xb4c
JUMP
JUMPDEST
PUSH1 0x40
MLOAD
DUP1
DUP4
PUSH2 0x140
DUP1
DUP4
DUP4
PUSH1 0x0
JUMPDEST
DUP4
DUP2
LT
ISZERO
PUSH2 0x4ce
JUMPI
DUP1
DUP3
ADD
MLOAD
DUP2
DUP5
ADD
MSTORE
JUMPDEST
PUSH1 0x20
ADD
PUSH2 0x4b5
JUMP
JUMPDEST
POP
POP
POP
POP
SWAP1
POP
ADD
DUP3
PUSH1 0xa
PUSH1 0x20
MUL
DUP1
DUP4
DUP4
PUSH1 0x0
JUMPDEST
DUP4
DUP2
LT
ISZERO
PUSH2 0x2fc
JUMPI
DUP1
DUP3
ADD
MLOAD
DUP2
DUP5
ADD
MSTORE
JUMPDEST
PUSH1 0x20
ADD
PUSH2 0x2e3
JUMP
JUMPDEST
POP
POP
POP
POP
SWAP1
POP
ADD
SWAP3
POP
POP
POP
PUSH1 0x40
MLOAD
DUP1
SWAP2
SUB
SWAP1
RETURN
JUMPDEST
CALLVALUE
ISZERO
PUSH2 0x519
JUMPI
PUSH1 0x0
DUP1
REVERT
JUMPDEST
PUSH2 0x1dc
PUSH2 0xc1e
JUMP
JUMPDEST
PUSH1 0x40
MLOAD
SWAP1
DUP2
MSTORE
PUSH1 0x20
ADD
PUSH1 0x40
MLOAD
DUP1
SWAP2
SUB
SWAP1
RETURN
JUMPDEST
CALLVALUE
ISZERO
PUSH2 0x53e
JUMPI
PUSH1 0x0
DUP1
REVERT
JUMPDEST
PUSH2 0x1dc
PUSH2 0xc25
JUMP
JUMPDEST
PUSH1 0x40
MLOAD
SWAP1
DUP2
MSTORE
PUSH1 0x20
ADD
PUSH1 0x40
MLOAD
DUP1
SWAP2
SUB
SWAP1
RETURN
JUMPDEST
CALLVALUE
ISZERO
PUSH2 0x563
JUMPI
PUSH1 0x0
DUP1
REVERT
JUMPDEST
PUSH2 0x1a9
PUSH1 0x1
PUSH1 0xa0
PUSH1 0x2
EXP
SUB
PUSH1 0x4
CALLDATALOAD
AND
PUSH2 0xc2b
JUMP
JUMPDEST
PUSH1 0x40
MLOAD
SWAP1
ISZERO
ISZERO
DUP2
MSTORE
PUSH1 0x20
ADD
PUSH1 0x40
MLOAD
DUP1
SWAP2
SUB
SWAP1
RETURN
JUMPDEST
CALLVALUE
ISZERO
PUSH2 0x596
JUMPI
PUSH1 0x0
DUP1
REVERT
JUMPDEST
PUSH2 0x43f
PUSH1 0x1
PUSH1 0xa0
PUSH1 0x2
EXP
SUB
PUSH1 0x4
CALLDATALOAD
AND
PUSH2 0xc40
JUMP
JUMPDEST
PUSH1 0x40
MLOAD
PUSH1 0x1
PUSH1 0xa0
PUSH1 0x2
EXP
SUB
SWAP1
SWAP2
AND
DUP2
MSTORE
PUSH1 0x20
ADD
PUSH1 0x40
MLOAD
DUP1
SWAP2
SUB
SWAP1
RETURN
JUMPDEST
CALLVALUE
ISZERO
PUSH2 0x5d1
JUMPI
PUSH1 0x0
DUP1
REVERT
JUMPDEST
PUSH2 0x1a9
PUSH1 0x4
CALLDATALOAD
ISZERO
ISZERO
PUSH2 0xc5b
JUMP
JUMPDEST
PUSH1 0x40
MLOAD
SWAP1
ISZERO
ISZERO
DUP2
MSTORE
PUSH1 0x20
ADD
PUSH1 0x40
MLOAD
DUP1
SWAP2
SUB
SWAP1
RETURN
JUMPDEST
CALLVALUE
ISZERO
PUSH2 0x5fd
JUMPI
PUSH1 0x0
DUP1
REVERT
JUMPDEST
PUSH2 0x1dc
PUSH2 0xca9
JUMP
JUMPDEST
PUSH1 0x40
MLOAD
SWAP1
DUP2
MSTORE
PUSH1 0x20
ADD
PUSH1 0x40
MLOAD
DUP1
SWAP2
SUB
SWAP1
RETURN
JUMPDEST
CALLVALUE
ISZERO
PUSH2 0x622
JUMPI
PUSH1 0x0
DUP1
REVERT
JUMPDEST
PUSH2 0x1dc
PUSH1 0x1
PUSH1 0xa0
PUSH1 0x2
EXP
SUB
PUSH1 0x4
CALLDATALOAD
AND
PUSH2 0xcaf
JUMP
JUMPDEST
PUSH1 0x40
MLOAD
SWAP1
DUP2
MSTORE
PUSH1 0x20
ADD
PUSH1 0x40
MLOAD
DUP1
SWAP2
SUB
SWAP1
RETURN
JUMPDEST
PUSH2 0x194
PUSH2 0x7d0
JUMP
JUMPDEST
STOP
JUMPDEST
CALLVALUE
ISZERO
PUSH2 0x65d
JUMPI
PUSH1 0x0
DUP1
REVERT
JUMPDEST
PUSH2 0x34b
PUSH1 0x4
CALLDATALOAD
PUSH2 0xcc1
JUMP
JUMPDEST
PUSH1 0x40
MLOAD
PUSH1 0x1
PUSH1 0xa0
PUSH1 0x2
EXP
SUB
SWAP1
SWAP3
AND
DUP3
MSTORE
PUSH1 0x20
DUP3
ADD
MSTORE
PUSH1 0x40
SWAP1
DUP2
ADD
SWAP1
MLOAD
DUP1
SWAP2
SUB
SWAP1
RETURN
JUMPDEST
CALLVALUE
ISZERO
PUSH2 0x695
JUMPI
PUSH1 0x0
DUP1
REVERT
JUMPDEST
PUSH2 0x6a9
PUSH1 0x1
PUSH1 0xa0
PUSH1 0x2
EXP
SUB
PUSH1 0x4
CALLDATALOAD
AND
PUSH2 0xce6
JUMP
JUMPDEST
PUSH1 0x40
MLOAD
SWAP2
DUP3
MSTORE
PUSH1 0x20
DUP3
ADD
MSTORE
PUSH1 0x40
SWAP1
DUP2
ADD
SWAP1
MLOAD
DUP1
SWAP2
SUB
SWAP1
RETURN
JUMPDEST
CALLVALUE
ISZERO
PUSH2 0x6cc
JUMPI
PUSH1 0x0
DUP1
REVERT
JUMPDEST
PUSH2 0x1dc
PUSH2 0xd05
JUMP
JUMPDEST
PUSH1 0x40
MLOAD
SWAP1
DUP2
MSTORE
PUSH1 0x20
ADD
PUSH1 0x40
MLOAD
DUP1
SWAP2
SUB
SWAP1
RETURN
JUMPDEST
CALLVALUE
ISZERO
PUSH2 0x6f1
JUMPI
PUSH1 0x0
DUP1
REVERT
JUMPDEST
PUSH2 0x194
PUSH1 0x4
CALLDATALOAD
PUSH2 0xd0b
JUMP
JUMPDEST
STOP
JUMPDEST
CALLVALUE
ISZERO
PUSH2 0x709
JUMPI
PUSH1 0x0
DUP1
REVERT
JUMPDEST
PUSH2 0x1dc
PUSH1 0x1
PUSH1 0xa0
PUSH1 0x2
EXP
SUB
PUSH1 0x4
CALLDATALOAD
AND
PUSH2 0xd32
JUMP
JUMPDEST
PUSH1 0x40
MLOAD
SWAP1
DUP2
MSTORE
PUSH1 0x20
ADD
PUSH1 0x40
MLOAD
DUP1
SWAP2
SUB
SWAP1
RETURN
JUMPDEST
CALLVALUE
ISZERO
PUSH2 0x73a
JUMPI
PUSH1 0x0
DUP1
REVERT
JUMPDEST
PUSH2 0x194
PUSH2 0xd44
JUMP
JUMPDEST
STOP
JUMPDEST
CALLVALUE
ISZERO
PUSH2 0x74f
JUMPI
PUSH1 0x0
DUP1
REVERT
JUMPDEST
PUSH2 0x34b
PUSH1 0x4
CALLDATALOAD
PUSH2 0xd98
JUMP
JUMPDEST
PUSH1 0x40
MLOAD
PUSH1 0x1
PUSH1 0xa0
PUSH1 0x2
EXP
SUB
SWAP1
SWAP3
AND
DUP3
MSTORE
PUSH1 0x20
DUP3
ADD
MSTORE
PUSH1 0x40
SWAP1
DUP2
ADD
SWAP1
MLOAD
DUP1
SWAP2
SUB
SWAP1
RETURN
JUMPDEST
CALLVALUE
ISZERO
PUSH2 0x787
JUMPI
PUSH1 0x0
DUP1
REVERT
JUMPDEST
PUSH2 0x43f
PUSH2 0xdd0
JUMP
JUMPDEST
PUSH1 0x40
MLOAD
PUSH1 0x1
PUSH1 0xa0
PUSH1 0x2
EXP
SUB
SWAP1
SWAP2
AND
DUP2
MSTORE
PUSH1 0x20
ADD
PUSH1 0x40
MLOAD
DUP1
SWAP2
SUB
SWAP1
RETURN
JUMPDEST
CALLVALUE
ISZERO
PUSH2 0x7b6
JUMPI
PUSH1 0x0
DUP1
REVERT
JUMPDEST
PUSH2 0x1dc
PUSH2 0xddf
JUMP
JUMPDEST
PUSH1 0x40
MLOAD
SWAP1
DUP2
MSTORE
PUSH1 0x20
ADD
PUSH1 0x40
MLOAD
DUP1
SWAP2
SUB
SWAP1
RETURN
JUMPDEST
PUSH1 0x0
CALLVALUE
GT
PUSH2 0x7dd
JUMPI
PUSH1 0x0
DUP1
REVERT
JUMPDEST
TIMESTAMP
PUSH1 0x5
SSTORE
PUSH1 0x40
DUP1
MLOAD
SWAP1
DUP2
ADD
PUSH1 0x40
SWAP1
DUP2
MSTORE
PUSH1 0x1
PUSH1 0xa0
PUSH1 0x2
EXP
SUB
CALLER
AND
DUP3
MSTORE
CALLVALUE
PUSH1 0x20
DUP1
DUP5
ADD
SWAP2
SWAP1
SWAP2
MSTORE
PUSH1 0x2
SLOAD
PUSH1 0x0
SWAP1
DUP2
MSTORE
PUSH1 0xb
SWAP1
SWAP2
MSTORE
SHA3
DUP2
MLOAD
DUP2
SLOAD
PUSH1 0x1
PUSH1 0xa0
PUSH1 0x2
EXP
SUB
NOT
AND
PUSH1 0x1
PUSH1 0xa0
PUSH1 0x2
EXP
SUB
SWAP2
SWAP1
SWAP2
AND
OR
DUP2
SSTORE
PUSH1 0x20
DUP3
ADD
MLOAD
PUSH1 0x1
SWAP1
SWAP2
ADD
SSTORE
POP
PUSH1 0x3
DUP1
SLOAD
CALLVALUE
ADD
SWAP1
SSTORE
PUSH2 0x84b
CALLER
PUSH2 0xde5
JUMP
JUMPDEST
PUSH32 0x543ba50a5eec5e6178218e364b1d0f396157b3c8fa278522c2cb7fd99407d474
CALLER
CALLVALUE
PUSH1 0x40
MLOAD
PUSH1 0x1
PUSH1 0xa0
PUSH1 0x2
EXP
SUB
SWAP1
SWAP3
AND
DUP3
MSTORE
PUSH1 0x20
DUP3
ADD
MSTORE
PUSH1 0x40
SWAP1
DUP2
ADD
SWAP1
MLOAD
DUP1
SWAP2
SUB
SWAP1
LOG1
PUSH1 0x2
DUP1
SLOAD
PUSH1 0x1
SWAP1
DUP2
ADD
SWAP1
SWAP2
SSTORE
PUSH1 0x1
PUSH1 0xa0
PUSH1 0x2
EXP
SUB
CALLER
AND
PUSH1 0x0
SWAP1
DUP2
MSTORE
PUSH1 0xf
PUSH1 0x20
MSTORE
PUSH1 0x40
SWAP1
SHA3
DUP1
SLOAD
SWAP1
SWAP2
DUP2
ADD
PUSH2 0x8c3
DUP4
DUP3
PUSH2 0x1229
JUMP
JUMPDEST
SWAP2
PUSH1 0x0
MSTORE
PUSH1 0x20
PUSH1 0x0
SHA3
SWAP1
ADD
PUSH1 0x0
JUMPDEST
POP
PUSH1 0x2
SLOAD
SWAP1
SSTORE
POP
PUSH1 0x9
SLOAD
PUSH1 0xff
AND
ISZERO
PUSH2 0x191
JUMPI
PUSH2 0x191
PUSH2 0xd44
JUMP
JUMPDEST
JUMPDEST
JUMPDEST
JUMP
JUMPDEST
PUSH1 0x9
SLOAD
PUSH1 0xff
AND
DUP2
JUMP
JUMPDEST
PUSH1 0x6
SLOAD
PUSH2 0x904
DUP3
PUSH2 0xe3c
JUMP
JUMPDEST
ISZERO
PUSH2 0x90e
JUMPI
PUSH1 0x7
SLOAD
ADD
JUMPDEST
PUSH1 0x8
SLOAD
PUSH2 0x91a
DUP4
PUSH2 0xe5e
JUMP
JUMPDEST
MUL
ADD
PUSH32 0xc95f95bb4853b6ac06f22821eca6d0bc1b8baa8ab8ddc3b3cd64b5ef452d88e1
DUP3
DUP3
PUSH1 0x40
MLOAD
PUSH1 0x1
PUSH1 0xa0
PUSH1 0x2
EXP
SUB
SWAP1
SWAP3
AND
DUP3
MSTORE
PUSH1 0x20
DUP3
ADD
MSTORE
PUSH1 0x40
SWAP1
DUP2
ADD
SWAP1
MLOAD
DUP1
SWAP2
SUB
SWAP1
LOG1
JUMPDEST
SWAP2
SWAP1
POP
JUMP
JUMPDEST
PUSH1 0xd
PUSH1 0x20
MSTORE
PUSH1 0x0
SWAP1
DUP2
MSTORE
PUSH1 0x40
SWAP1
SHA3
SLOAD
DUP2
JUMP
JUMPDEST
PUSH1 0xf
PUSH1 0x20
MSTORE
DUP2
PUSH1 0x0
MSTORE
PUSH1 0x40
PUSH1 0x0
SHA3
DUP2
DUP2
SLOAD
DUP2
LT
ISZERO
ISZERO
PUSH2 0x993
JUMPI
INVALID
JUMPDEST
SWAP1
PUSH1 0x0
MSTORE
PUSH1 0x20
PUSH1 0x0
SHA3
SWAP1
ADD
PUSH1 0x0
JUMPDEST
SWAP2
POP
SWAP2
POP
POP
SLOAD
DUP2
JUMP
JUMPDEST
PUSH1 0x1
SLOAD
DUP2
JUMP
JUMPDEST
PUSH1 0xa
SLOAD
JUMPDEST
SWAP1
JUMP
JUMPDEST
PUSH2 0x9bf
PUSH2 0x1253
JUMP
JUMPDEST
PUSH1 0xf
PUSH1 0x0
DUP4
PUSH1 0x1
PUSH1 0xa0
PUSH1 0x2
EXP
SUB
AND
PUSH1 0x1
PUSH1 0xa0
PUSH1 0x2
EXP
SUB
AND
DUP2
MSTORE
PUSH1 0x20
ADD
SWAP1
DUP2
MSTORE
PUSH1 0x20
ADD
PUSH1 0x0
SHA3
DUP1
SLOAD
DUP1
PUSH1 0x20
MUL
PUSH1 0x20
ADD
PUSH1 0x40
MLOAD
SWAP1
DUP2
ADD
PUSH1 0x40
MSTORE
DUP1
SWAP3
SWAP2
SWAP1
DUP2
DUP2
MSTORE
PUSH1 0x20
ADD
DUP3
DUP1
SLOAD
DUP1
ISZERO
PUSH2 0xa2e
JUMPI
PUSH1 0x20
MUL
DUP3
ADD
SWAP2
SWAP1
PUSH1 0x0
MSTORE
PUSH1 0x20
PUSH1 0x0
SHA3
SWAP1
JUMPDEST
DUP2
SLOAD
DUP2
MSTORE
PUSH1 0x20
ADD
SWAP1
PUSH1 0x1
ADD
SWAP1
DUP1
DUP4
GT
PUSH2 0xa1a
JUMPI
JUMPDEST
POP
POP
POP
POP
POP
SWAP1
POP
JUMPDEST
SWAP2
SWAP1
POP
JUMP
JUMPDEST
PUSH1 0x5
SLOAD
DUP2
JUMP
JUMPDEST
PUSH1 0x0
DUP1
PUSH2 0xa4c
PUSH2 0x1265
JUMP
JUMPDEST
PUSH1 0x12
DUP1
SLOAD
DUP6
SWAP1
DUP2
LT
PUSH2 0xa5a
JUMPI
INVALID
JUMPDEST
SWAP1
PUSH1 0x0
MSTORE
PUSH1 0x20
PUSH1 0x0
SHA3
SWAP1
PUSH1 0x2
MUL
ADD
PUSH1 0x0
JUMPDEST
POP
PUSH1 0x40
DUP1
MLOAD
SWAP1
DUP2
ADD
PUSH1 0x40
MSTORE
DUP2
SLOAD
PUSH1 0x1
PUSH1 0xa0
PUSH1 0x2
EXP
SUB
AND
DUP2
MSTORE
PUSH1 0x1
SWAP1
SWAP2
ADD
SLOAD
PUSH1 0x20
DUP3
ADD
MSTORE
SWAP1
POP
DUP1
MLOAD
DUP2
PUSH1 0x20
ADD
MLOAD
SWAP3
POP
SWAP3
POP
JUMPDEST
POP
SWAP2
POP
SWAP2
JUMP
JUMPDEST
PUSH1 0x1
PUSH1 0xa0
PUSH1 0x2
EXP
SUB
DUP2
AND
PUSH1 0x0
SWAP1
DUP2
MSTORE
PUSH1 0xe
PUSH1 0x20
MSTORE
PUSH1 0x40
SWAP1
SHA3
SLOAD
JUMPDEST
SWAP2
SWAP1
POP
JUMP
JUMPDEST
PUSH1 0x6
SLOAD
DUP2
JUMP
JUMPDEST
PUSH1 0x8
SLOAD
DUP2
JUMP
JUMPDEST
PUSH1 0x3
SLOAD
PUSH1 0x4
SLOAD
PUSH1 0x2
SLOAD
PUSH1 0x9
SLOAD
PUSH1 0x1
PUSH1 0xa0
PUSH1 0x2
EXP
SUB
ADDRESS
AND
BALANCE
SWAP4
SWAP3
SWAP2
SWAP1
PUSH1 0xff
AND
JUMPDEST
SWAP1
SWAP2
SWAP3
SWAP4
SWAP5
JUMP
JUMPDEST
PUSH1 0x0
SLOAD
PUSH1 0x1
PUSH1 0xa0
PUSH1 0x2
EXP
SUB
AND
JUMPDEST
SWAP1
JUMP
JUMPDEST
PUSH1 0x1
PUSH1 0xa0
PUSH1 0x2
EXP
SUB
DUP2
DUP2
AND
PUSH1 0x0
SWAP1
DUP2
MSTORE
PUSH1 0x10
PUSH1 0x20
SWAP1
DUP2
MSTORE
PUSH1 0x40
DUP1
DUP4
SHA3
DUP1
SLOAD
PUSH1 0x1
PUSH1 0xa0
PUSH1 0x2
EXP
SUB
NOT
AND
SWAP5
DUP8
AND
SWAP5
DUP6
OR
SWAP1
SSTORE
SWAP3
DUP3
MSTORE
PUSH1 0xd
SWAP1
MSTORE
SHA3
DUP1
SLOAD
PUSH1 0x1
SWAP1
DUP2
ADD
SWAP1
SWAP2
SSTORE
JUMPDEST
SWAP3
SWAP2
POP
POP
JUMP
JUMPDEST
PUSH2 0xb54
PUSH2 0x127c
JUMP
JUMPDEST
PUSH2 0xb5c
PUSH2 0x12a5
JUMP
JUMPDEST
PUSH1 0x0
PUSH2 0xb66
PUSH2 0x1265
JUMP
JUMPDEST
PUSH1 0x12
SLOAD
PUSH1 0x0
SWAP3
POP
DUP3
DUP1
PUSH1 0xa
DUP4
GT
ISZERO
PUSH2 0xb7f
JUMPI
PUSH1 0xa
DUP4
SUB
SWAP2
POP
JUMPDEST
POP
DUP1
JUMPDEST
DUP3
DUP2
LT
ISZERO
PUSH2 0xc14
JUMPI
PUSH1 0x12
DUP1
SLOAD
DUP3
SWAP1
DUP2
LT
PUSH2 0xb98
JUMPI
INVALID
JUMPDEST
SWAP1
PUSH1 0x0
MSTORE
PUSH1 0x20
PUSH1 0x0
SHA3
SWAP1
PUSH1 0x2
MUL
ADD
PUSH1 0x0
JUMPDEST
POP
PUSH1 0x40
DUP1
MLOAD
SWAP1
DUP2
ADD
PUSH1 0x40
MSTORE
DUP2
SLOAD
PUSH1 0x1
PUSH1 0xa0
PUSH1 0x2
EXP
SUB
AND
DUP2
MSTORE
PUSH1 0x1
SWAP1
SWAP2
ADD
SLOAD
PUSH1 0x20
DUP3
ADD
MSTORE
SWAP4
POP
DUP4
MLOAD
DUP8
DUP7
PUSH1 0xa
DUP2
LT
PUSH2 0xbdc
JUMPI
INVALID
JUMPDEST
PUSH1 0x1
PUSH1 0xa0
PUSH1 0x2
EXP
SUB
SWAP1
SWAP3
AND
PUSH1 0x20
SWAP3
DUP4
MUL
SWAP2
SWAP1
SWAP2
ADD
MSTORE
DUP5
ADD
MLOAD
DUP7
DUP7
PUSH1 0xa
DUP2
LT
PUSH2 0xc00
JUMPI
INVALID
JUMPDEST
PUSH1 0x20
MUL
ADD
MSTORE
PUSH1 0x1
SWAP1
SWAP5
ADD
SWAP4
JUMPDEST
PUSH1 0x1
ADD
PUSH2 0xb82
JUMP
JUMPDEST
JUMPDEST
POP
POP
POP
POP
POP
SWAP1
SWAP2
JUMP
JUMPDEST
PUSH1 0x2
SLOAD
JUMPDEST
SWAP1
JUMP
JUMPDEST
PUSH1 0x4
SLOAD
DUP2
JUMP
JUMPDEST
PUSH1 0x11
PUSH1 0x20
MSTORE
PUSH1 0x0
SWAP1
DUP2
MSTORE
PUSH1 0x40
SWAP1
SHA3
SLOAD
PUSH1 0xff
AND
DUP2
JUMP
JUMPDEST
PUSH1 0x10
PUSH1 0x20
MSTORE
PUSH1 0x0
SWAP1
DUP2
MSTORE
PUSH1 0x40
SWAP1
SHA3
SLOAD
PUSH1 0x1
PUSH1 0xa0
PUSH1 0x2
EXP
SUB
AND
DUP2
JUMP
JUMPDEST
PUSH1 0x0
DUP1
SLOAD
PUSH1 0x1
PUSH1 0xa0
PUSH1 0x2
EXP
SUB
SWAP1
DUP2
AND
SWAP1
CALLER
AND
DUP2
EQ
PUSH2 0xc78
JUMPI
PUSH1 0x0
DUP1
REVERT
JUMPDEST
PUSH1 0x9
DUP1
SLOAD
PUSH1 0xff
NOT
AND
DUP5
ISZERO
ISZERO
OR
SWAP1
DUP2
SWAP1
SSTORE
PUSH1 0xff
AND
ISZERO
PUSH2 0xc98
JUMPI
PUSH2 0xc98
PUSH2 0xd44
JUMP
JUMPDEST
JUMPDEST
PUSH1 0x9
SLOAD
PUSH1 0xff
AND
SWAP2
POP
JUMPDEST
JUMPDEST
POP
SWAP2
SWAP1
POP
JUMP
JUMPDEST
PUSH1 0x2
SLOAD
DUP2
JUMP
JUMPDEST
PUSH1 0xe
PUSH1 0x20
MSTORE
PUSH1 0x0
SWAP1
DUP2
MSTORE
PUSH1 0x40
SWAP1
SHA3
SLOAD
DUP2
JUMP
JUMPDEST
PUSH1 0xb
PUSH1 0x20
MSTORE
PUSH1 0x0
SWAP1
DUP2
MSTORE
PUSH1 0x40
SWAP1
SHA3
DUP1
SLOAD
PUSH1 0x1
SWAP1
SWAP2
ADD
SLOAD
PUSH1 0x1
PUSH1 0xa0
PUSH1 0x2
EXP
SUB
SWAP1
SWAP2
AND
SWAP1
DUP3
JUMP
JUMPDEST
PUSH1 0x0
DUP1
PUSH2 0xcf2
DUP4
PUSH2 0xe7d
JUMP
JUMPDEST
PUSH2 0xcfb
DUP5
PUSH2 0xe5e
JUMP
JUMPDEST
SWAP2
POP
SWAP2
POP
JUMPDEST
SWAP2
POP
SWAP2
JUMP
JUMPDEST
PUSH1 0x7
SLOAD
DUP2
JUMP
JUMPDEST
PUSH1 0x0
SLOAD
PUSH1 0x1
PUSH1 0xa0
PUSH1 0x2
EXP
SUB
SWAP1
DUP2
AND
SWAP1
CALLER
AND
DUP2
EQ
PUSH2 0xd27
JUMPI
PUSH1 0x0
DUP1
REVERT
JUMPDEST
PUSH1 0x6
DUP3
SWAP1
SSTORE
JUMPDEST
JUMPDEST
POP
POP
JUMP
JUMPDEST
PUSH1 0xc
PUSH1 0x20
MSTORE
PUSH1 0x0
SWAP1
DUP2
MSTORE
PUSH1 0x40
SWAP1
SHA3
SLOAD
DUP2
JUMP
JUMPDEST
PUSH1 0xa
SLOAD
JUMPDEST
PUSH1 0x2
SLOAD
DUP2
LT
ISZERO
PUSH2 0xd94
JUMPI
PUSH1 0x0
DUP2
DUP2
MSTORE
PUSH1 0xb
PUSH1 0x20
MSTORE
PUSH1 0x40
SWAP1
DUP2
SWAP1
SHA3
PUSH2 0xd8b
SWAP2
DUP1
MLOAD
SWAP1
DUP2
ADD
PUSH1 0x40
MSTORE
DUP2
SLOAD
PUSH1 0x1
PUSH1 0xa0
PUSH1 0x2
EXP
SUB
AND
DUP2
MSTORE
PUSH1 0x1
SWAP1
SWAP2
ADD
SLOAD
PUSH1 0x20
DUP3
ADD
MSTORE
PUSH2 0xe9c
JUMP
JUMPDEST
JUMPDEST
PUSH1 0x1
ADD
PUSH2 0xd48
JUMP
JUMPDEST
JUMPDEST
POP
JUMP
JUMPDEST
PUSH1 0x12
DUP1
SLOAD
DUP3
SWAP1
DUP2
LT
PUSH2 0xda6
JUMPI
INVALID
JUMPDEST
SWAP1
PUSH1 0x0
MSTORE
PUSH1 0x20
PUSH1 0x0
SHA3
SWAP1
PUSH1 0x2
MUL
ADD
PUSH1 0x0
JUMPDEST
POP
DUP1
SLOAD
PUSH1 0x1
SWAP1
SWAP2
ADD
SLOAD
PUSH1 0x1
PUSH1 0xa0
PUSH1 0x2
EXP
SUB
SWAP1
SWAP2
AND
SWAP2
POP
DUP3
JUMP
JUMPDEST
PUSH1 0x0
SLOAD
PUSH1 0x1
PUSH1 0xa0
PUSH1 0x2
EXP
SUB
AND
DUP2
JUMP
JUMPDEST
PUSH1 0x3
SLOAD
DUP2
JUMP
JUMPDEST
PUSH1 0x1
PUSH1 0xa0
PUSH1 0x2
EXP
SUB
DUP1
DUP3
AND
PUSH1 0x0
SWAP1
DUP2
MSTORE
PUSH1 0x10
PUSH1 0x20
MSTORE
PUSH1 0x40
SWAP1
SHA3
SLOAD
AND
DUP1
ISZERO
PUSH2 0xd2d
JUMPI
PUSH2 0xe10
DUP2
DUP4
PUSH2 0x1024
JUMP
JUMPDEST
PUSH1 0x1
PUSH1 0xa0
PUSH1 0x2
EXP
SUB
DUP3
AND
PUSH1 0x0
SWAP1
DUP2
MSTORE
PUSH1 0x10
PUSH1 0x20
MSTORE
PUSH1 0x40
SWAP1
SHA3
DUP1
SLOAD
PUSH1 0x1
PUSH1 0xa0
PUSH1 0x2
EXP
SUB
NOT
AND
SWAP1
SSTORE
JUMPDEST
JUMPDEST
POP
POP
JUMP
JUMPDEST
PUSH1 0x1
PUSH1 0xa0
PUSH1 0x2
EXP
SUB
DUP2
AND
PUSH1 0x0
SWAP1
DUP2
MSTORE
PUSH1 0x11
PUSH1 0x20
MSTORE
PUSH1 0x40
SWAP1
SHA3
SLOAD
PUSH1 0xff
AND
JUMPDEST
SWAP2
SWAP1
POP
JUMP
JUMPDEST
PUSH1 0x1
PUSH1 0xa0
PUSH1 0x2
EXP
SUB
DUP2
AND
PUSH1 0x0
SWAP1
DUP2
MSTORE
PUSH1 0xc
PUSH1 0x20
MSTORE
PUSH1 0x40
SWAP1
SHA3
SLOAD
JUMPDEST
SWAP2
SWAP1
POP
JUMP
JUMPDEST
PUSH1 0x1
PUSH1 0xa0
PUSH1 0x2
EXP
SUB
DUP2
AND
PUSH1 0x0
SWAP1
DUP2
MSTORE
PUSH1 0xd
PUSH1 0x20
MSTORE
PUSH1 0x40
SWAP1
SHA3
SLOAD
JUMPDEST
SWAP2
SWAP1
POP
JUMP
JUMPDEST
PUSH1 0x0
DUP1
PUSH1 0x0
DUP1
PUSH1 0x0
DUP1
PUSH2 0xeae
DUP8
PUSH2 0x1074
JUMP
JUMPDEST
SWAP6
POP
SWAP6
POP
PUSH1 0x0
SWAP4
POP
PUSH1 0x0
SWAP3
POP
DUP6
DUP8
PUSH1 0x20
ADD
MLOAD
ADD
SWAP2
POP
DUP7
MLOAD
SWAP1
POP
PUSH1 0x0
DUP7
GT
DUP1
ISZERO
PUSH2 0xee0
JUMPI
POP
DUP2
ADDRESS
PUSH1 0x1
PUSH1 0xa0
PUSH1 0x2
EXP
SUB
AND
BALANCE
GT
JUMPDEST
ISZERO
PUSH2 0x1019
JUMPI
PUSH1 0x1
PUSH1 0xa0
PUSH1 0x2
EXP
SUB
DUP2
AND
DUP3
ISZERO
PUSH2 0x8fc
MUL
DUP4
PUSH1 0x40
MLOAD
PUSH1 0x0
PUSH1 0x40
MLOAD
DUP1
DUP4
SUB
DUP2
DUP6
DUP9
DUP9
CALL
SWAP4
POP
POP
POP
POP
SWAP4
POP
DUP4
ISZERO
PUSH2 0x1019
JUMPI
PUSH32 0x5afeca38b2064c23a692c4cf353015d80ab3ecc417b4f893f372690c11fbd9a6
DUP2
DUP4
PUSH1 0x40
MLOAD
PUSH1 0x1
PUSH1 0xa0
PUSH1 0x2
EXP
SUB
SWAP1
SWAP3
AND
DUP3
MSTORE
PUSH1 0x20
DUP3
ADD
MSTORE
PUSH1 0x40
SWAP1
DUP2
ADD
SWAP1
MLOAD
DUP1
SWAP2
SUB
SWAP1
LOG1
PUSH2 0xf7c
PUSH1 0x40
DUP1
MLOAD
SWAP1
DUP2
ADD
PUSH1 0x40
MSTORE
PUSH1 0x1
PUSH1 0xa0
PUSH1 0x2
EXP
SUB
DUP4
AND
DUP2
MSTORE
PUSH1 0x20
DUP2
ADD
DUP5
SWAP1
MSTORE
PUSH2 0x116b
JUMP
JUMPDEST
PUSH1 0x0
SLOAD
PUSH1 0x1
PUSH1 0xa0
PUSH1 0x2
EXP
SUB
AND
DUP6
ISZERO
PUSH2 0x8fc
MUL
DUP7
PUSH1 0x40
MLOAD
PUSH1 0x0
PUSH1 0x40
MLOAD
DUP1
DUP4
SUB
DUP2
DUP6
DUP9
DUP9
CALL
SWAP4
POP
POP
POP
POP
SWAP3
POP
DUP3
ISZERO
PUSH2 0xfe0
JUMPI
PUSH32 0x82b7c57fdf6692038059040123bd0a2b96daca5be3acacdcf3ba4b469a981d2
DUP6
PUSH1 0x40
MLOAD
SWAP1
DUP2
MSTORE
PUSH1 0x20
ADD
PUSH1 0x40
MLOAD
DUP1
SWAP2
SUB
SWAP1
LOG1
JUMPDEST
PUSH2 0xfe9
DUP2
PUSH2 0x11d2
JUMP
JUMPDEST
PUSH1 0x1
PUSH1 0xa0
PUSH1 0x2
EXP
SUB
DUP2
AND
PUSH1 0x0
SWAP1
DUP2
MSTORE
PUSH1 0xe
PUSH1 0x20
MSTORE
PUSH1 0x40
SWAP1
SHA3
DUP1
SLOAD
DUP8
ADD
SWAP1
SSTORE
PUSH1 0x4
DUP1
SLOAD
DUP8
ADD
SWAP1
SSTORE
PUSH1 0xa
DUP1
SLOAD
PUSH1 0x1
ADD
SWAP1
SSTORE
JUMPDEST
JUMPDEST
JUMPDEST
POP
POP
POP
POP
POP
POP
POP
JUMP
JUMPDEST
PUSH1 0x1
PUSH1 0xa0
PUSH1 0x2
EXP
SUB
DUP1
DUP3
AND
PUSH1 0x0
SWAP1
DUP2
MSTORE
PUSH1 0x11
PUSH1 0x20
SWAP1
DUP2
MSTORE
PUSH1 0x40
DUP1
DUP4
SHA3
DUP1
SLOAD
PUSH1 0xff
NOT
AND
PUSH1 0x1
SWAP1
DUP2
OR
SWAP1
SWAP2
SSTORE
SWAP4
DUP7
AND
DUP4
MSTORE
PUSH1 0xc
DUP3
MSTORE
DUP1
DUP4
SHA3
DUP1
SLOAD
SWAP1
SWAP5
ADD
SWAP1
SWAP4
SSTORE
PUSH1 0xd
SWAP1
MSTORE
SHA3
DUP1
SLOAD
PUSH1 0x0
NOT
ADD
SWAP1
SSTORE
JUMPDEST
POP
POP
JUMP
JUMPDEST
PUSH1 0x0
DUP1
DUP1
PUSH1 0x20
DUP5
ADD
MLOAD
GT
ISZERO
PUSH2 0x1160
JUMPI
PUSH1 0x64
PUSH2 0x108f
DUP5
MLOAD
PUSH2 0x8f8
JUMP
JUMPDEST
DUP5
PUSH1 0x20
ADD
MLOAD
MUL
DUP2
ISZERO
ISZERO
PUSH2 0x109e
JUMPI
INVALID
JUMPDEST
DIV
SWAP2
POP
PUSH1 0x64
PUSH1 0x1
SLOAD
DUP4
MUL
DUP2
ISZERO
ISZERO
PUSH2 0x10b1
JUMPI
INVALID
JUMPDEST
DIV
SWAP1
POP
PUSH32 0x3e3dff651263007fe4a4e33cced9d7eb93c190c98a1c345837f9a9aee82ac519
DUP4
MLOAD
DUP5
PUSH1 0x20
ADD
MLOAD
DUP5
ADDRESS
PUSH1 0x1
PUSH1 0xa0
PUSH1 0x2
EXP
SUB
AND
BALANCE
PUSH1 0xa
SLOAD
PUSH1 0x40
MLOAD
PUSH1 0x1
PUSH1 0xa0
PUSH1 0x2
EXP
SUB
SWAP1
SWAP6
AND
DUP6
MSTORE
PUSH1 0x20
DUP6
ADD
SWAP4
SWAP1
SWAP4
MSTORE
PUSH1 0x40
DUP1
DUP6
ADD
SWAP3
SWAP1
SWAP3
MSTORE
PUSH1 0x60
DUP5
ADD
MSTORE
PUSH1 0x80
DUP4
ADD
SWAP2
SWAP1
SWAP2
MSTORE
PUSH1 0xa0
SWAP1
SWAP2
ADD
SWAP1
MLOAD
DUP1
SWAP2
SUB
SWAP1
LOG1
PUSH32 0x69ed87b0f0cfebddad7f9203f2f81b7a1fe43df565d3e034a0f10750259f733d
DUP3
DUP3
PUSH1 0x40
MLOAD
SWAP2
DUP3
MSTORE
PUSH1 0x20
DUP3
ADD
MSTORE
PUSH1 0x40
SWAP1
DUP2
ADD
SWAP1
MLOAD
DUP1
SWAP2
SUB
SWAP1
LOG1
JUMPDEST
SWAP1
DUP2
SWAP1
SUB
SWAP1
JUMPDEST
SWAP2
POP
SWAP2
JUMP
JUMPDEST
PUSH1 0x12
DUP1
SLOAD
SWAP1
PUSH2 0x117d
SWAP1
PUSH1 0x1
DUP4
ADD
PUSH2 0x12cd
JUMP
JUMPDEST
POP
PUSH1 0x12
DUP1
SLOAD
DUP3
SWAP2
SWAP1
PUSH1 0x0
NOT
DUP2
ADD
SWAP1
DUP2
LT
PUSH2 0x1193
JUMPI
INVALID
JUMPDEST
SWAP1
PUSH1 0x0
MSTORE
PUSH1 0x20
PUSH1 0x0
SHA3
SWAP1
PUSH1 0x2
MUL
ADD
PUSH1 0x0
JUMPDEST
POP
DUP2
MLOAD
DUP2
SLOAD
PUSH1 0x1
PUSH1 0xa0
PUSH1 0x2
EXP
SUB
NOT
AND
PUSH1 0x1
PUSH1 0xa0
PUSH1 0x2
EXP
SUB
SWAP2
SWAP1
SWAP2
AND
OR
DUP2
SSTORE
PUSH1 0x20
DUP3
ADD
MLOAD
PUSH1 0x1
SWAP1
SWAP2
ADD
SSTORE
POP
JUMPDEST
POP
JUMP
JUMPDEST
PUSH2 0x11db
DUP2
PUSH2 0x11e8
JUMP
JUMPDEST
PUSH2 0xd94
DUP2
PUSH2 0x120c
JUMP
JUMPDEST
JUMPDEST
POP
JUMP
JUMPDEST
PUSH1 0x1
PUSH1 0xa0
PUSH1 0x2
EXP
SUB
DUP2
AND
PUSH1 0x0
SWAP1
DUP2
MSTORE
PUSH1 0x11
PUSH1 0x20
MSTORE
PUSH1 0x40
SWAP1
SHA3
DUP1
SLOAD
PUSH1 0xff
NOT
AND
SWAP1
SSTORE
JUMPDEST
POP
JUMP
JUMPDEST
PUSH1 0x1
PUSH1 0xa0
PUSH1 0x2
EXP
SUB
DUP2
AND
PUSH1 0x0
SWAP1
DUP2
MSTORE
PUSH1 0xc
PUSH1 0x20
MSTORE
PUSH1 0x40
DUP2
SHA3
SSTORE
JUMPDEST
POP
JUMP
JUMPDEST
DUP2
SLOAD
DUP2
DUP4
SSTORE
DUP2
DUP2
ISZERO
GT
PUSH2 0x124d
JUMPI
PUSH1 0x0
DUP4
DUP2
MSTORE
PUSH1 0x20
SWAP1
SHA3
PUSH2 0x124d
SWAP2
DUP2
ADD
SWAP1
DUP4
ADD
PUSH2 0x12ff
JUMP
JUMPDEST
JUMPDEST
POP
POP
POP
JUMP
JUMPDEST
PUSH1 0x20
PUSH1 0x40
MLOAD
SWAP1
DUP2
ADD
PUSH1 0x40
MSTORE
PUSH1 0x0
DUP2
MSTORE
SWAP1
JUMP
JUMPDEST
PUSH1 0x40
DUP1
MLOAD
SWAP1
DUP2
ADD
PUSH1 0x40
MSTORE
PUSH1 0x0
DUP1
DUP3
MSTORE
PUSH1 0x20
DUP3
ADD
MSTORE
SWAP1
JUMP
JUMPDEST
PUSH2 0x140
PUSH1 0x40
MLOAD
SWAP1
DUP2
ADD
PUSH1 0x40
MSTORE
PUSH1 0xa
DUP2
JUMPDEST
PUSH1 0x0
DUP2
MSTORE
PUSH1 0x0
NOT
SWAP1
SWAP2
ADD
SWAP1
PUSH1 0x20
ADD
DUP2
PUSH2 0x128c
JUMPI
SWAP1
POP
POP
SWAP1
JUMP
JUMPDEST
PUSH2 0x140
PUSH1 0x40
MLOAD
SWAP1
DUP2
ADD
PUSH1 0x40
MSTORE
PUSH1 0xa
DUP2
JUMPDEST
PUSH1 0x0
DUP2
MSTORE
PUSH1 0x20
ADD
SWAP1
PUSH1 0x1
SWAP1
SUB
SWAP1
DUP2
PUSH2 0x12b5
JUMPI
SWAP1
POP
POP
SWAP1
JUMP
JUMPDEST
DUP2
SLOAD
DUP2
DUP4
SSTORE
DUP2
DUP2
ISZERO
GT
PUSH2 0x124d
JUMPI
PUSH1 0x2
MUL
DUP2
PUSH1 0x2
MUL
DUP4
PUSH1 0x0
MSTORE
PUSH1 0x20
PUSH1 0x0
SHA3
SWAP2
DUP3
ADD
SWAP2
ADD
PUSH2 0x124d
SWAP2
SWAP1
PUSH2 0x1320
JUMP
JUMPDEST
JUMPDEST
POP
POP
POP
JUMP
JUMPDEST
PUSH2 0x9b4
SWAP2
SWAP1
JUMPDEST
DUP1
DUP3
GT
ISZERO
PUSH2 0x1319
JUMPI
PUSH1 0x0
DUP2
SSTORE
PUSH1 0x1
ADD
PUSH2 0x1305
JUMP
JUMPDEST
POP
SWAP1
JUMP
JUMPDEST
SWAP1
JUMP
JUMPDEST
PUSH2 0x9b4
SWAP2
SWAP1
JUMPDEST
DUP1
DUP3
GT
ISZERO
PUSH2 0x1319
JUMPI
DUP1
SLOAD
PUSH1 0x1
PUSH1 0xa0
PUSH1 0x2
EXP
SUB
NOT
AND
DUP2
SSTORE
PUSH1 0x0
PUSH1 0x1
DUP3
ADD
SSTORE
PUSH1 0x2
ADD
PUSH2 0x1326
JUMP
JUMPDEST
POP
SWAP1
JUMP
JUMPDEST
SWAP1
JUMP
STOP",0xc14c291012878568b95cfe3f0973f6d5a3a69b09